Unnamed: 0,date,content,rating,isEdited,userName,title,developerResponse,sentiment,matched_python,reviewId,userImage,review,thumbsUpCount,reviewCreatedVersion,replyContent,repliedAt,standardizedReview
11,2021-03-23 03:17:22,"I really want to like this app, as the devs definitely have a sense of humor and I love their mission. But despite having some rudimentary knowledge of several different coding languages, I find myself confused and befuddled by their python lessons. This really can‚Äôt be used by beginners. (Not to mention, there are some obvious grammar errors that need to be cleaned up.) As a free app, it‚Äôs fine. The frustration is worth it for the knowledge. But as a paid app, it needs to be smoothed out and proofed to be worth the money.",3,False,Ciavyn2,Not for beginners,,NEGATIVE,python,,,nan,,,,,nan
12,2018-12-25 16:57:53,"I wish I could put down a sixth star. This is one of the most amazing coding apps ever. Before I started using encode, I was not interested in coding and thought it to be very tedious. However, after encode I am addicted to python and complete four or five units a day. After python I plan to look the java script and css/html courses encode has. Amazing!! I totally recommend this app!",5,False,NarutoUzamaki787,Into the coding verse,,POSITIVE,python,,,nan,,,,,nan
100,2018-02-13 00:49:31,I am a beginner and this has really helped me understand the basics of coding (python),5,False,Dan Rey 28,BEST APP FOR BEGINNERS,,POSITIVE,python,,,nan,,,,,nan
163,2020-02-23 16:25:10,"Knowin is great and all but some of this I do not get.And my dad told me about python, a coding thing not an app it‚Äôs a coding language.And I on level 2 and they still have not said one word about python.And JavaScript is not an app it is another coding language.And all they are teaching me is JavaScript.I am on level 2 right now and I still do not get JavaScript, and in each level there is 4 lessons 1 not 2 not 3 but 4.I hope you will like Knowin this coding app I do bye",5,False,Angel Cruise,All there is is JavaScript,"{'id': 13757198, 'body': ""We hope you're enjoying learning to code! To find out more about Python you can change the language you're learning in the skills tab."", 'modified': '2020-02-28T10:00:51Z'}",NEGATIVE,python,,,nan,,,,,nan
168,2019-07-08 14:36:20,"I was really enjoying encode and how you could play with the interpreter in the previous version and i was learning a lot. I even purchased the pro version! It was helping me to learn the syntax by allowing me to type in the full code myself and play around with it.
With the recent update ‚Äúrefresh‚Äù to Knowin,  it doesn‚Äôt feel interactive. I don‚Äôt feel like I‚Äôm using a python interpreter.
I can‚Äôt edit the code to try to understand a certain piece of syntax or play around.

It looks nice. But I am absolutely not happy with this update. I‚Äôm let down because I was learning so much before.
I‚Äôm not going to be using the app until this is fixed (if it gets fixed)
it just feels too much like I‚Äôm taking a guided tour through a window now without much interactivity.",2,False,GravyT,Not learning much since recent update to Knowin.,,NEGATIVE,python,,,nan,,,,,nan
9,2023-02-03 03:31:58,,5,,Salman Akhelarab,,,POSITIVE,python,19302811-d033-4b12-ab5b-e012b7fbeab7,https://play-lh.googleusercontent.com/a-/ACB-R5SrLaur_5t9r9GpQjqKAFRAnqyPfv5-m3IlBCkc,Really good app for complete beginners. I recommend python.,0.0,4.7,,,really good app complete beginners recommend python
59,2022-05-05 12:49:46,,5,,Eduard Garcia,,,POSITIVE,python,fc079a08-ac4d-4498-9367-1d67b61093f1,https://play-lh.googleusercontent.com/a-/ACB-R5RdxsYd7ztSA-7SUz9h7sd7vDfkQ1X13EAmZNe_wQ,"python is the easiest to learn, done it in 2- 3 days",0.0,4.7,,,python easiest learn done 2 3 days
106,2021-10-17 14:27:05,,5,,Bhavik Mahalle,,,POSITIVE,python,c529108f-e699-4fed-a398-405a93052b97,https://play-lh.googleusercontent.com/a-/ACB-R5ToJn16WB7JDltRfiQgTgFiroLiTevTX5koyUtrYA,"thank you very much <3, i am back here after few years. this app teached me basics of programming and motivated me to learn more. but somewhy at ending of python course i switched to other app.",5.0,,,,thank much 3 back years app teached basics programming motivated learn somewhy ending python course switched app
124,2021-06-13 01:03:30,,5,,Raghu Ram,,,POSITIVE,python,8dbddffc-4533-4cb0-a3f1-1613a4f23aee,https://play-lh.googleusercontent.com/a-/ACB-R5SIAROB1lYAVUDVuciuXMkUBK16fKSusGTi0WzGgA,"Excellent app to learn python,html and JavaScript absolutely free",0.0,4.6,,,excellent app learn pythonhtml javascript absolutely free
128,2021-05-15 12:53:36,,4,,frank feruzi,,,POSITIVE,python,8ef4d94b-bcae-42a9-9323-1ceb8b7acf4d,https://play-lh.googleusercontent.com/a-/ACB-R5RZYAtDZ756YP4OvJ_dtKfOlghN52gdns73WX_6uA,I enjoy reading python,0.0,,,,enjoy reading python
141,2021-02-10 04:23:31,,4,,Ayush indexeus,,,POSITIVE,python,c47a5298-5b11-4ff0-9045-21e10d8b0aeb,https://play-lh.googleusercontent.com/a/AGNmyxbzywoF0YIsNiwZ7wIowBXhsQppmJRyqVZXIvUz=mo,"This is the best app for the beginners who want to learn web developement and python.Overall it's a good app for learning JS,HTML,CSS and PYTHON.But the reason for giving it 4 stars is quite simple: Firstly it doesn't have the interface of account where you can see which topics you have already learnt as you you have to check each individual lesson while studying after a long time.Secondly,there are some topics which are paid , you have to pay for the advance learning , but I'm sure it'll worth",32.0,4.6,,,best app beginners want learn web developement pythonoverall good app learning jshtmlcss pythonbut reason giving 4 stars quite simple firstly doesnt interface account see topics already learnt check individual lesson studying long timesecondlythere topics paid pay advance learning im sure itll worth
160,2020-11-06 17:59:17,,5,,Chase E. Snarr,,,POSITIVE,python,93df3803-b6bd-445c-93d3-a925114fef08,https://play-lh.googleusercontent.com/a-/ACB-R5R52pTEpU10R0CgYfkMTzu_16otzWPR4wALlOlZKg,"I use this to supplement reading a python book. Its a lightweight way to review and I like it very much. The information is quick, straightforward, and accurate so I can do lessons in bursts.",9.0,4.6,,,use supplement reading python book lightweight way review like much information quick straightforward accurate lessons bursts
174,2020-10-10 23:27:21,,5,,S3iker,,,POSITIVE,python,d5e30083-d076-4800-8d61-f668127b3d92,https://play-lh.googleusercontent.com/a-/ACB-R5RVqmvF2Z6xPUN_XM4jT6AGunEshVcEH7-WJezLWA,"I am giving 5 star as a programing and coding student and begineer it have python ,java,web plz install if you want be a programmee",0.0,4.6,,,giving 5 star programing coding student begineer python javaweb plz install want programmee
181,2020-09-23 04:18:33,,4,,Clifford Tookes,,,POSITIVE,python,798a6529-a25a-41a0-8144-56dc64685e52,https://play-lh.googleusercontent.com/a-/ACB-R5RZCl0psbfrKlZg9hVrjHA_Ul0Xth0CV5lS1DwAmNs,Great way to make python a fun game away from your computer,0.0,4.6,,,great way make python fun game away computer
199,2020-08-29 13:10:56,,5,,sibaprasad brahma,,,NEGATIVE,python,b89a60c1-dd75-48c4-b4f8-be21ac315d23,https://play-lh.googleusercontent.com/a/AGNmyxZkCIO-53LDPbvEKpI8n1Kkb00b_V96lkLFrl9o=mo,Its the only app in playstore in which I can understand python,0.0,4.6,,,app playstore understand python
206,2020-08-13 02:58:00,,5,,mrs taslimanasrin,,,POSITIVE,python,3f172508-5e47-4fcd-bdc4-24850da025de,https://play-lh.googleusercontent.com/a/AGNmyxYhqAlsoyOQwlwuCIH8cXTwBJzzD7WwuXYzKTTF=mo,"If I've anything of programming in my head that's for one and only Encode. It's very simple, but best for learn coding. As a programmer, I learn all the basics of python with the help of Encode. Also, if anyone has a metered network and he is finding an app where he can learn codes offline, He just needs only a selfless software name as Encode which is at the same time a very lite application that run silently in the background. Well, I'm using Encode to learn python and I'm deeply satisfied. ‚ò∫",33.0,4.6,,,ive anything programming head thats one encode simple best learn coding programmer learn basics python help encode also anyone metered network finding app learn codes offline needs selfless software name encode time lite application run silently background well im using encode learn python im deeply satisfied
217,2020-07-25 21:53:13,,5,,Student of Life,,,POSITIVE,python,d5e738b5-3af2-48d2-a001-3a43ed075c1a,https://play-lh.googleusercontent.com/a-/ACB-R5Qbf2J_b-kJe8XTj9O9qVnLRZU9UcSTAzmbum7udio,"Great for on the go python, HTML and CSS learning and review. Can't speak for the jscript portion",0.0,4.6,,,great go python html css learning review cant speak jscript portion
230,2020-06-21 19:20:51,,5,,Nathan,,,POSITIVE,python,82e6dadf-f807-4505-99d3-1c3520cfc024,https://play-lh.googleusercontent.com/a-/ACB-R5QSOYMfdojjBecDUzIXA1tqFjymJ65P2Q4sHZfgfA,"Awesome app am nolonger a stranger to coding thanks to encode it provides python , JavaScript as well as web development lessons it's best for 1 to use to know some info about coding",0.0,,,,awesome app nolonger stranger coding thanks encode provides python javascript well web development lessons best 1 use know info coding
283,2020-04-04 11:19:17,,5,,A Google user,,,POSITIVE,python,2c11010b-0544-4653-bea3-9b4cde8a7505,https://play-lh.googleusercontent.com/EGemoI2NTXmTsBVtJqk8jxF9rh8ApRWfsIMQSt2uE4OcpQqbFu7f7NbTK05lx80nuSijCz7sc3a277R67g,"it is so great! I learned python, java script, and HTML in a week! I am only 12 and it is easy, educational, and fun. Highly recommended!!!",1.0,4.6,,,great learned python java script html week 12 easy educational fun highly recommended
291,2020-03-20 05:47:49,,5,,A Google user,,,POSITIVE,python,8d072f1b-c9f4-4969-b714-42d068ac433c,https://play-lh.googleusercontent.com/EGemoI2NTXmTsBVtJqk8jxF9rh8ApRWfsIMQSt2uE4OcpQqbFu7f7NbTK05lx80nuSijCz7sc3a277R67g,Best coding teacher ever!!! I love the python coding the most. But it does became a headache if u don't understand the intrustions.üòÅüòÑ,0.0,4.6,,,best coding teacher ever love python coding became headache u dont understand intrustions
306,2020-01-29 05:31:06,,4,,A Google user,,,NEGATIVE,python,08c4bf36-b1e5-40db-a15a-e9e630bedcc8,https://play-lh.googleusercontent.com/EGemoI2NTXmTsBVtJqk8jxF9rh8ApRWfsIMQSt2uE4OcpQqbFu7f7NbTK05lx80nuSijCz7sc3a277R67g,It is a great app to learn coding. For ex. I am learning python. The reason why I gave 4 stars because there are some optional mini topics which you need pro version to understand. It's like taking money to learn.,19.0,4.6,,,great app learn coding ex learning python reason gave 4 stars optional mini topics need pro version understand like taking money learn
313,2020-01-10 17:50:26,,5,,A Google user,,,POSITIVE,python,b46892cd-f0ed-4dbe-8c0b-ece9d5fa6280,https://play-lh.googleusercontent.com/EGemoI2NTXmTsBVtJqk8jxF9rh8ApRWfsIMQSt2uE4OcpQqbFu7f7NbTK05lx80nuSijCz7sc3a277R67g,"Great app for learning JavaScript basics. I don't know much about python, but if this app makes fun learning JavaScript so its good for python also",0.0,,,,great app learning javascript basics dont know much python app makes fun learning javascript good python also
329,2019-11-14 02:23:40,,5,,A Google user,,,POSITIVE,python,18fc6181-d2c6-4cf5-bb43-044231409f0c,https://play-lh.googleusercontent.com/EGemoI2NTXmTsBVtJqk8jxF9rh8ApRWfsIMQSt2uE4OcpQqbFu7f7NbTK05lx80nuSijCz7sc3a277R67g,"üòÉüòÉVery nice app to learn coding free and easily with a variety of languages like -- HTML,css,python and etc",1.0,4.6,,,nice app learn coding free easily variety languages like htmlcsspython etc
333,2019-11-03 09:37:16,,5,,A Google user,,,POSITIVE,python,d8e3f451-dbfb-4bbb-9770-9957771578d2,https://play-lh.googleusercontent.com/EGemoI2NTXmTsBVtJqk8jxF9rh8ApRWfsIMQSt2uE4OcpQqbFu7f7NbTK05lx80nuSijCz7sc3a277R67g,"So far, the format and pacing of the lessons are ideal for me - not patronising, but not overly difficult either. Will update this once I've completed the python course.",1.0,4.6,,,far format pacing lessons ideal patronising overly difficult either update ive completed python course
368,2019-08-06 21:02:20,,5,,A Google user,,,POSITIVE,python,8a710efe-3a13-48be-a943-d7910d91ffe9,https://play-lh.googleusercontent.com/EGemoI2NTXmTsBVtJqk8jxF9rh8ApRWfsIMQSt2uE4OcpQqbFu7f7NbTK05lx80nuSijCz7sc3a277R67g,"This app has helped me learn python, web, and java script. This is also child freindly:)",0.0,4.6,,,app helped learn python web java script also child freindly
388,2019-07-09 08:30:27,,3,,A Google user,,,NEGATIVE,python,37a5bb89-239b-45ed-92f9-41a4114f9327,https://play-lh.googleusercontent.com/EGemoI2NTXmTsBVtJqk8jxF9rh8ApRWfsIMQSt2uE4OcpQqbFu7f7NbTK05lx80nuSijCz7sc3a277R67g,in python session it takes so longer time to process the answer,1.0,4.6,,,python session takes longer time process answer
417,2019-06-07 16:15:20,,5,,A Google user,,,POSITIVE,python,027eca7f-986d-4ca7-b545-fd7a0b2bffc3,https://play-lh.googleusercontent.com/EGemoI2NTXmTsBVtJqk8jxF9rh8ApRWfsIMQSt2uE4OcpQqbFu7f7NbTK05lx80nuSijCz7sc3a277R67g,"I am learning. thats what I have to say. its a very helpful tool of learning JavaScript, python and HTML. ++ with only 5 dollars you get extra lessons which help alot im highly enjoying this app and I cannot wait to learn all of it",0.0,4.6,,,learning thats say helpful tool learning javascript python html 5 dollars get extra lessons help alot im highly enjoying app cannot wait learn
419,2019-06-06 00:21:24,,5,,A Google user,,,POSITIVE,python,bf884691-9665-4641-8b6e-c068125c437a,https://play-lh.googleusercontent.com/EGemoI2NTXmTsBVtJqk8jxF9rh8ApRWfsIMQSt2uE4OcpQqbFu7f7NbTK05lx80nuSijCz7sc3a277R67g,"this is a fun and useful app that goes through simple lessons to learn python, javascript, and html. the ads are minimal and the free content is extensive",1.0,4.6,,,fun useful app goes simple lessons learn python javascript html ads minimal free content extensive
431,2019-05-14 19:44:33,,4,,A Google user,,,NEGATIVE,python,2fa7eb7c-30f4-46f1-9b2d-d19abbb50107,https://play-lh.googleusercontent.com/EGemoI2NTXmTsBVtJqk8jxF9rh8ApRWfsIMQSt2uE4OcpQqbFu7f7NbTK05lx80nuSijCz7sc3a277R67g,"Pros: 2 languages. python and javascript. Explains a concept and then run the code as an example. next page they give you the barebones of the code and ask you to enter your own values. they include hotkeys with the code, so that instead of typing 10 you can click a button that SAYS 10 and it enters it in the code for you. Drawbacks: No ""coding playground"" to test code you have written. Too many lessons are ""pay to access"" Dont sell knowledge, add coding playground behind paywall instead.",5.0,4.6,,,pros 2 languages python javascript explains concept run code example next page give barebones code ask enter values include hotkeys code instead typing 10 click button says 10 enters code drawbacks coding playground test code written many lessons pay access dont sell knowledge add coding playground behind paywall instead
444,2019-05-04 13:53:43,,5,,A Google user,,,POSITIVE,python,e397bc14-4c49-458d-ad70-8e49b53ef322,https://play-lh.googleusercontent.com/EGemoI2NTXmTsBVtJqk8jxF9rh8ApRWfsIMQSt2uE4OcpQqbFu7f7NbTK05lx80nuSijCz7sc3a277R67g,"this app is brilliant! it makes us understand by step-bye-step! its really very useful and makes us master at JavaScript, web buildings and python! thank you so much for developing this greatest app! :)",0.0,,Thank you very much! It's great to hear you're learning so much from our app!,2019-05-11 20:52:14,app brilliant makes us understand stepbyestep really useful makes us master javascript web buildings python thank much developing greatest app
503,2019-02-17 07:32:45,,5,,A Google user,,,POSITIVE,python,0296387c-aa74-4577-a550-082a49bcdd00,https://play-lh.googleusercontent.com/EGemoI2NTXmTsBVtJqk8jxF9rh8ApRWfsIMQSt2uE4OcpQqbFu7f7NbTK05lx80nuSijCz7sc3a277R67g,I loved it I downloaded it and in an hour I knew a lot about python,0.0,4.6,,,loved downloaded hour knew lot python
601,2018-10-07 15:04:48,,2,,A Google user,,,NEGATIVE,python,868aa401-f97b-4e1e-999d-3010fed092b4,https://play-lh.googleusercontent.com/EGemoI2NTXmTsBVtJqk8jxF9rh8ApRWfsIMQSt2uE4OcpQqbFu7f7NbTK05lx80nuSijCz7sc3a277R67g,"Everything is paid plus not too much to offer. Everything they are teaching here can get from YouTube with a whole lot better content. Only js, python and html+css is available through minified content",9.0,4.5,,,everything paid plus much offer everything teaching get youtube whole lot better content js python htmlcss available minified content
604,2018-10-03 06:48:17,,5,,A Google user,,,POSITIVE,python,3c16fc3c-3f30-4c4a-b5ed-a537428aa290,https://play-lh.googleusercontent.com/EGemoI2NTXmTsBVtJqk8jxF9rh8ApRWfsIMQSt2uE4OcpQqbFu7f7NbTK05lx80nuSijCz7sc3a277R67g,"I am newbie in coding, and this app motivated me for this. Accidentally was installed in a few days, but yesterday I've buyed unlock for life-time(I hope) EncodePro, becouse it is at competitive price even by my poor in European context Bulgarian standarts. Every penny-worth app. Interactive at all. Full featured offline funktionality - tested, 5of5. Encode is like chatting with your favourite teacher who comments your answers and for extending knowledge give you tasks in historical background and facts, more intensive in Pro. 5of5. From didacting point of view 4.8of5. Why: I would like to see some kind of glossary apart although operators an syntax was explained via lessons and tasks to resolve. I hope this interpret triple or four [python, js, html & css] will be extend with other champions of InterpretLinguaCodes like PHP 'in battle', in competition to compilationative ones like Java and all C series. I think CompiLinguaCodes do one more needless and complicative stage in way from coding to execution ;-). Also I didn't note what version of Python learn here, in Encode (incl. Pro unlock) - whether 2 or 3th version or... I am wrong. Of course it will be a sweet cherry(ty) onto pie to learn both ones with explaining paralelism and aprior focus at Python 3. Most of all greetings to Upskew team for their great work! 5 stars from me.",1.0,4.5,,,newbie coding app motivated accidentally installed days yesterday ive buyed unlock lifetimei hope encodepro becouse competitive price even poor european context bulgarian standarts every pennyworth app interactive full featured offline funktionality tested 5of5 encode like chatting favourite teacher comments answers extending knowledge give tasks historical background facts intensive pro 5of5 didacting point view 48of5 would like see kind glossary apart although operators syntax explained via lessons tasks resolve hope interpret triple four python js html css extend champions interpretlinguacodes like php battle competition compilationative ones like java c series think compilinguacodes one needless complicative stage way coding execution also didnt note version python learn encode incl pro unlock whether 2 3th version wrong course sweet cherryty onto pie learn ones explaining paralelism aprior focus python 3 greetings upskew team great work 5 stars
607,2018-09-30 02:40:25,,5,,A Google user,,,POSITIVE,python,d8c67a29-6c91-46ce-9e07-43b2d5112afa,https://play-lh.googleusercontent.com/EGemoI2NTXmTsBVtJqk8jxF9rh8ApRWfsIMQSt2uE4OcpQqbFu7f7NbTK05lx80nuSijCz7sc3a277R67g,Interesting app to get initiated in coding python and javascript. Just the very basics but interesting nevertheless.,0.0,4.5,,,interesting app get initiated coding python javascript basics interesting nevertheless
675,2018-07-30 21:12:14,,4,,A Google user,,,NEGATIVE,python,3e0b771b-02a8-4cc3-a6f2-ab8cd96eb3d6,https://play-lh.googleusercontent.com/EGemoI2NTXmTsBVtJqk8jxF9rh8ApRWfsIMQSt2uE4OcpQqbFu7f7NbTK05lx80nuSijCz7sc3a277R67g,Is is python2 or python3??,0.0,4.3,"Hi Sanyam

We teach Python 3. Thank you for your question.",2018-07-31 08:09:19,python2 python3
734,2018-06-07 09:14:37,,5,,A Google user,,,POSITIVE,python,fa71f670-db69-4e8d-b133-3a12895edc7b,https://play-lh.googleusercontent.com/EGemoI2NTXmTsBVtJqk8jxF9rh8ApRWfsIMQSt2uE4OcpQqbFu7f7NbTK05lx80nuSijCz7sc3a277R67g,This app is so useful it teaches you python for beginners.,2.0,4.3,,,app useful teaches python beginners
806,2018-04-17 06:25:45,,5,,A Google user,,,POSITIVE,python,b5fb051a-b03e-44e0-b525-7ec2d86f0398,https://play-lh.googleusercontent.com/EGemoI2NTXmTsBVtJqk8jxF9rh8ApRWfsIMQSt2uE4OcpQqbFu7f7NbTK05lx80nuSijCz7sc3a277R67g,"Is perfect app for all that are beginners on python exelent really useful 
‚ù§‚ù§‚ù§‚ù§‚ù§‚ù§",0.0,4.1,,,perfect app beginners python exelent really useful
815,2018-04-09 11:23:46,,5,,A Google user,,,POSITIVE,python,a56ff353-57d1-43ca-8798-6a126c614b25,https://play-lh.googleusercontent.com/EGemoI2NTXmTsBVtJqk8jxF9rh8ApRWfsIMQSt2uE4OcpQqbFu7f7NbTK05lx80nuSijCz7sc3a277R67g,It is one of the best app to learn web and python. I love it most,1.0,4.1,,,one best app learn web python love
840,2018-03-29 08:52:48,,3,,A Google user,,,NEGATIVE,python,ed607b18-6863-41c0-a9f5-1acea91fca3c,https://play-lh.googleusercontent.com/EGemoI2NTXmTsBVtJqk8jxF9rh8ApRWfsIMQSt2uE4OcpQqbFu7f7NbTK05lx80nuSijCz7sc3a277R67g,Great app! Would give it 5 stars but I can't get past the adding numbers part in python because it just won't load the answer so stuck on loading screen,1.0,4.1,,,great app would give 5 stars cant get past adding numbers part python wont load answer stuck loading screen
934,2018-01-16 20:46:01,,5,,A Google user,,,POSITIVE,python,8f6f2fde-0e2f-4190-8565-c04a09f5439b,https://play-lh.googleusercontent.com/EGemoI2NTXmTsBVtJqk8jxF9rh8ApRWfsIMQSt2uE4OcpQqbFu7f7NbTK05lx80nuSijCz7sc3a277R67g,"It is a great app to learn code on and you can learn java script, python and html and css.",0.0,4.0,,,great app learn code learn java script python html css
950,2018-01-05 13:43:31,,4,,A Google user,,,POSITIVE,python,48d7a8c9-81a1-4d8d-9b08-23a296508485,https://play-lh.googleusercontent.com/EGemoI2NTXmTsBVtJqk8jxF9rh8ApRWfsIMQSt2uE4OcpQqbFu7f7NbTK05lx80nuSijCz7sc3a277R67g,"Good app for basic coding knowledge. New to coding and this app teaches a lot of early on syntax, gives good description and also simple concepts on basics. Bought the full version and the python course is very informing and helpful. This app is very simple however, if you have already gotten syntax and base functions for coding down on the different languages available this app isn't for you but if you're a noob this app is great.",3.0,4.0,,,good app basic coding knowledge new coding app teaches lot early syntax gives good description also simple concepts basics bought full version python course informing helpful app simple however already gotten syntax base functions coding different languages available app isnt youre noob app great
967,2017-12-29 07:59:36,,5,,A Google user,,,NEGATIVE,python,ce58d08d-16dc-4f86-8b51-452857a149dc,https://play-lh.googleusercontent.com/EGemoI2NTXmTsBVtJqk8jxF9rh8ApRWfsIMQSt2uE4OcpQqbFu7f7NbTK05lx80nuSijCz7sc3a277R67g,The way of teaching is very good but I want to learn python deeply. It has only few tutorials. Can I learn more coding from your app.,0.0,4.0,,,way teaching good want learn python deeply tutorials learn coding app
974,2017-12-23 18:56:18,,5,,A Google user,,,POSITIVE,python,d78f3ff4-6f78-4d54-88f1-d0765fd4c165,https://play-lh.googleusercontent.com/EGemoI2NTXmTsBVtJqk8jxF9rh8ApRWfsIMQSt2uE4OcpQqbFu7f7NbTK05lx80nuSijCz7sc3a277R67g,It is soo Amazing i knowz some of that python mama!,0.0,,,,soo amazing knowz python mama
975,2017-12-23 14:37:46,,4,,A Google user,,,POSITIVE,python,5938ac00-7d44-402c-8d11-4b8e735a3efb,https://play-lh.googleusercontent.com/EGemoI2NTXmTsBVtJqk8jxF9rh8ApRWfsIMQSt2uE4OcpQqbFu7f7NbTK05lx80nuSijCz7sc3a277R67g,Best App UI/Ux design bringing all of programming language like Java/C#/C++/python/kotlin/etc could invite more user trust me....I search lots of app but does not like Encode simple yet understandable hehehe keep it up with new languages...,29.0,4.0,,,best app uiux design bringing programming language like javaccpythonkotlinetc could invite user trust mei search lots app like encode simple yet understandable hehehe keep new languages
976,2017-12-23 11:13:18,,5,,A Google user,,,NEGATIVE,python,68275fd5-28e7-45dd-870a-3271cab20537,https://play-lh.googleusercontent.com/EGemoI2NTXmTsBVtJqk8jxF9rh8ApRWfsIMQSt2uE4OcpQqbFu7f7NbTK05lx80nuSijCz7sc3a277R67g,I love the idea and everything but i wish you could select the programing lang more interested in python then java script ** As you can see from the reply now with python (ill be it a bit to late for me but actualy really quick never the less about to finish getting a software dev cert with a focus on C# and learned python while i was there) **,0.0,2.6,"Hi DJOK1,

Thanks for your review of Encode.

Since your review, we've added Python. Thanks for requesting the addition of Python to Encode! We hope you enjoy the new lessons/challenges.",2017-12-23 06:07:57,love idea everything wish could select programing lang interested python java script see reply python ill bit late actualy really quick never less finish getting software dev cert focus c learned python
977,2017-12-23 05:56:45,,4,,A Google user,,,POSITIVE,python,557006fe-5ff6-4bca-9ef9-58805c1b33bf,https://play-lh.googleusercontent.com/EGemoI2NTXmTsBVtJqk8jxF9rh8ApRWfsIMQSt2uE4OcpQqbFu7f7NbTK05lx80nuSijCz7sc3a277R67g,"** Woo hoo - ask and you shall receive, now with Python!  ** Great app for learning the basics. Bought Pro quite quickly after installing free version (even though it doesn't have python!), because I realised if the free version looked so good/felt so stable etc. then the pro version must be even better!",18.0,4.0,"Hi McDongle Jabberwocky,

Thanks for your review, we just wanted to inform you that since your review we've added Python!

Thanks for requesting the addition of Python to Encode! We hope you enjoy the new lessons/challenges and Encode Pro.",2017-12-23 05:47:59,woo hoo ask shall receive python great app learning basics bought pro quite quickly installing free version even though doesnt python realised free version looked goodfelt stable etc pro version must even better
988,2017-12-16 07:23:20,,5,,A Google user,,,POSITIVE,python,e054e1b0-4129-4398-8db6-5a17b40ee09f,https://play-lh.googleusercontent.com/EGemoI2NTXmTsBVtJqk8jxF9rh8ApRWfsIMQSt2uE4OcpQqbFu7f7NbTK05lx80nuSijCz7sc3a277R67g,"I have tried quite a few apps and this is one of the best. Only problem is it only teaches java script and Web coding languages would have been nice if it had a whole range like python,java and c++",6.0,3.9,"Hi Linda,

Glad to hear you're enjoying Encode!

We're working on adding Python to Encode - it's a great language to learn.

Feel free to get in touch with us at support@upskew.com if you have any other feedback.

Update: Encode now includes Python in v4. Thanks for requesting Python!",2017-12-23 05:45:26,tried quite apps one best problem teaches java script web coding languages would nice whole range like pythonjava c
999,2017-12-05 23:17:28,,5,,A Google user,,,POSITIVE,python,61529da3-83f4-484d-b0f5-1a64cc741035,https://play-lh.googleusercontent.com/EGemoI2NTXmTsBVtJqk8jxF9rh8ApRWfsIMQSt2uE4OcpQqbFu7f7NbTK05lx80nuSijCz7sc3a277R67g,Great design. Wish there was a python version.,0.0,3.9,"Hi Doug,

Thanks for your review. We're working on a Python version right now!

Update: Encode now includes Python, thanks for requesting the addition of Python to Encode! We hope you enjoy the new lessons/challenges.",2017-12-23 05:46:37,great design wish python version
1322,2017-04-27 10:04:14,,2,,A Google user,,,NEGATIVE,python,6ede8b1b-3567-4cbf-9d46-33c3d86028e8,https://play-lh.googleusercontent.com/EGemoI2NTXmTsBVtJqk8jxF9rh8ApRWfsIMQSt2uE4OcpQqbFu7f7NbTK05lx80nuSijCz7sc3a277R67g,"It did not specify what language it was teaching. The description says it is POWERED by JavaScript  (which is both obsolete and just overall regarded as one of the worst languages in the coding community) and does not actually specify how to implement any of the code, how to run it, or again, what language. Does it need a compiler? Does it need an IDE? Does it run in a virtual machine like Java or on the hardware like C++? I have so many qustions, but there's nothing to indicate anything. Now, if it's all in the paid version, that's just low. Teach a person a language they can't use. Though, the Web section did save the app two stars. That was a lot more straight forward. Overall the UI looked good. But there's just so much missing that leaves the user who actually wants to use the language for something unsure of everything. They know a language, but not the name, or in what cases you should use it. Also, I feel ""this is a string. A string is letters in quotations"" is not the best way to teach. Maybe explain when it's used. I mean, I already know what a strong is because of my background in c++ and python and java, but people that are seeking a skill they have no experience with, they probably won't know a great deal. Yeah, you can amke a sentence without using ""char a = 'a';""",0.0,,,,specify language teaching description says powered javascript obsolete overall regarded one worst languages coding community actually specify implement code run language need compiler need ide run virtual machine like java hardware like c many qustions theres nothing indicate anything paid version thats low teach person language cant use though web section save app two stars lot straight forward overall ui looked good theres much missing leaves user actually wants use language something unsure everything know language name cases use also feel string string letters quotations best way teach maybe explain used mean already know strong background c python java people seeking skill experience probably wont know great deal yeah amke sentence without using char
1765,2016-09-15 11:52:28,,5,,A Google user,,,POSITIVE,python,2f89869b-3bc1-47f4-8629-bf7d1f7a0e8c,https://play-lh.googleusercontent.com/EGemoI2NTXmTsBVtJqk8jxF9rh8ApRWfsIMQSt2uE4OcpQqbFu7f7NbTK05lx80nuSijCz7sc3a277R67g,"very nice app for beginners. I wish if there was a python version also available, so we could learn python to the same way.",0.0,2.2,"Hi Arun,

Thanks for your review of Encode and for requesting the addition of Python to Encode!

We've now added Python to Encode in v4. We hope you enjoy the new lessons/challenges.",2017-12-23 06:08:48,nice app beginners wish python version also available could learn python way
1778,2016-09-08 13:03:14,,3,,A Google user,,,NEGATIVE,python,01fc881d-e1eb-46f7-9f9b-902e1f198136,https://play-lh.googleusercontent.com/EGemoI2NTXmTsBVtJqk8jxF9rh8ApRWfsIMQSt2uE4OcpQqbFu7f7NbTK05lx80nuSijCz7sc3a277R67g,Please tell me what language it uses like does it use Java or python,0.0,2.2,"Encode teaches with challenges and lessons set in JavaScript, a widely used programming language.

However, you're often able to transfer things you've learned to different programming languages, so we mainly focus on teaching general, broad concepts such as strings and functions.",2016-09-16 20:58:36,please tell language uses like use java python
