,reviewId,userName,userImage,content,score,thumbsUpCount,reviewCreatedVersion,at,replyContent,repliedAt,appVersion,language
1,52ab82c3-cfcf-4490-abc6-3b998fce3d29,Ader Jasmir Zeas Rocha,https://play-lh.googleusercontent.com/a-/ACB-R5Qss6qKuBRcgVcjr3VCzdL2lOIhe9WzO-gnc11-hQ,me p√°rese buena app,4,0,1.14.0,2023-03-21 19:53:03,,,1.14.0,es
2,0d586ab9-db7f-4b69-8998-fa08c20d0bf9,gloria mediavilla jaime,https://play-lh.googleusercontent.com/a/AGNmyxYZmK47-svcJAN-qyXtzmEulGE6YpW_nGt2Y6FR=mo,Con paciencia todo se consigue.,5,0,1.14.0,2023-03-20 19:46:26,,,1.14.0,es
5,9b53998e-f473-472f-bc7a-c943fc32f859,Paoly Amelia Soto,https://play-lh.googleusercontent.com/a-/ACB-R5TrRvzHEQy83aTpIf0jeiFFxyukRFdjaOuDoPcd,"He aprendido r√°pido y de manera intuitiva, me encanta la versi√≥n Pro plus ya que puedo obtener certificados de los cursos que completo",5,0,1.14.0,2023-02-17 19:58:03,,,1.14.0,es
7,55bd909d-84fc-49ee-a220-59f4b52e01b6,Alina V√°zquez,https://play-lh.googleusercontent.com/a-/ACB-R5ReIbPNBmbbzhLHNesgaArKdiy2D7PkHsddENRidw,Me lanz√≥ a una prueba sin darme lecciones. Creo que habr√≠a quedado mejor al estilo Duolingo,4,0,1.14.0,2023-02-05 18:14:18,,,1.14.0,es
8,b65ce8df-4db7-4437-babc-beba1f42511b,Alex Nicolas Arce,https://play-lh.googleusercontent.com/a/AGNmyxYexuxqWfnz_TAXZ7iUfKUc67JwCh2pV1DIkmPv=mo,"Estar√≠a buena una versi√≥n en espa√±ol, m√°s que nada porque si no te defiendes con ingl√©s o algunas cosas son medios dif√≠ciles de entender para gente hispano hablante, lo dem√°s excelente.",4,0,1.14.0,2023-01-26 13:54:52,,,1.14.0,es
13,86e9c7b5-1ce3-4253-be92-4f6aa027c7e9,Maykel L√≥pez Oliva,https://play-lh.googleusercontent.com/a/AGNmyxaKzLgH4lDS_iXQJBz9ivFmUHA_YKMryjhFAbRM=mo,"hasta el momento una buena APK, vale q el ingl√©s es un idioma universal pero ayudar√≠a a muchos si estuviera en varios idiomas",4,0,1.14.0,2022-12-23 17:20:30,,,1.14.0,es
14,77493128-41d0-41ae-8bde-908a60d5041f,Carlos Roberto Mart√≠nez Hern√°ndez,https://play-lh.googleusercontent.com/a-/ACB-R5QfAEOJCGYG1vT6-gAiLsbhpz_JLE8RVo6JaV0U4A,Me gusta mucho la aplicaci√≥n de escritorio y la portable para practicar conceptos de forma diaria,5,0,1.14.0,2022-12-23 02:47:16,,,1.14.0,es
15,4bf345ea-5456-4cdc-8903-4bd4b854ab06,Cristopher CL,https://play-lh.googleusercontent.com/a/AGNmyxYf0jZWICNIcYhaEC1m90O6UPomikBnPjkI-j1m=mo,"Hola, acabo de descargar la aplicaci√≥n pero no se puede abrir se cierra autom√°ticamente, ¬øa qu√© se debe esto?",3,0,1.14.0,2022-12-06 02:43:49,,,1.14.0,es
17,d51690ef-89d3-4d89-9b29-e7f23899361b,Abraham Avila,https://play-lh.googleusercontent.com/a-/ACB-R5TyUXqkgvLQ3qdnROcQ5Zcg56zHLjyv4gSoERNRmA,"El contenido complementa perfecto al de la p√°gina, pero los ejercicios tienen muchos errores al interactuar con elllos.",2,0,1.14.0,2022-11-30 13:18:59,,,1.14.0,es
23,c3cffd13-1749-4658-8ba4-53478e00f038,Lionel Soto,https://play-lh.googleusercontent.com/a/AGNmyxYNeztGJaK1wF8N17a78oZ4jYOOb4TXI7VQiQZ-=mo,ta bueno ta,5,0,1.14.0,2022-10-06 16:44:10,,,1.14.0,es
24,92dbbd77-8acc-46f4-94f3-d7273a485f5b,Nicol√°s,https://play-lh.googleusercontent.com/a-/ACB-R5QryQ1DDy5GNrsS2QWZxDy9Hx5neGyt3BluEk5n,Una muy buena herramienta para practicar programaci√≥n y desarrollo web,5,0,1.14.0,2022-10-05 14:32:16,,,1.14.0,es
26,89b65df3-e662-45ce-a0fa-74708aeffbfe,Gabriel Londero,https://play-lh.googleusercontent.com/a-/ACB-R5TY2SHdVdM6Oa4oifxrop14jR39NooXDmu0u-7jYw,Excelente. A modo de pregunta. Se podr√≠a agregar el idioma espa√±ol,5,0,1.14.0,2022-08-25 10:26:59,,,1.14.0,es
27,ee4810b2-bf05-48a9-a1c5-fa7255ccc964,C√©sar Ramirez,https://play-lh.googleusercontent.com/a/AGNmyxaHUnj8EYMpKMamdSEUCzrw8nSWLMGvaXB2n36V=mo,Me est√° gustando,3,0,1.14.0,2022-08-17 00:17:58,,,1.14.0,es
28,73b5303e-d0ae-4cf9-a068-735f123e4b95,ElSempai,https://play-lh.googleusercontent.com/a-/ACB-R5SOWAxdcwCHOskPwWUy3ehaLjVLwPlpIStkD7tyAg,ta chido,5,0,1.14.0,2022-07-19 22:00:34,,,1.14.0,es
29,3b530600-fd97-41d9-a8bb-0967e46d08c7,Andr√©s Aldama Pe√±a,https://play-lh.googleusercontent.com/a/AGNmyxaWORZdkagEn07kFrHSNFJXibxBdqNA61yuZO-fRC4=mo,"Genial, me ha servido mucho para repasar lo olvidado",5,0,1.14.0,2022-06-28 08:58:10,,,1.14.0,es
30,bd1cea43-8bc1-4e91-a1ca-6c7876795c29,Alberto Hern√°ndez Morales,https://play-lh.googleusercontent.com/a/AGNmyxb_uP-NeZPWzEZDH5ABqhVKcJeqqhBSh4rWdlmC=mo,Muy pr√°ctica para recordar sintaxis y aprender m√°s r√°pido el lenguaje.,4,0,1.14.0,2022-06-21 15:16:38,,,1.14.0,es
31,9f5d6fcd-d86f-46c7-9fd6-819e79584555,Luis Alberto Diaz Garcia,https://play-lh.googleusercontent.com/a-/ACB-R5RFKyF2SPGuPDhIutexoFtR7SVcA_E30S51BqIoKA,"Parece buena, empece con grasshooper, gracias",3,0,1.14.0,2022-06-17 00:14:52,,,1.14.0,es
34,01b720e2-9809-4144-8956-827d5dafb6a9,Leonardo Abreu,https://play-lh.googleusercontent.com/a-/ACB-R5RWO6bcS0pvnkdE_B6F7RbM1KkL_5LCoYF-OB2g3Aw,Es una excelente herramienta para hacer un repaso de los conceptos aprendidos. La recomiendo üëå,5,0,1.14.0,2022-05-28 14:59:35,,,1.14.0,es
35,a979def8-7e0a-4fb4-9bdf-709bb8919681,Jose Carlos Peraza,https://play-lh.googleusercontent.com/a/AGNmyxYUGmb2Zy6_Bs7ZIC7Gh-WytmQXN6bkJTAnKER-=mo,"Deber√≠an poner una opci√≥n para cambiar el idioma. Me gusta mucho su aplicaci√≥n, pero yo hablo espa√±ol. Aunque tambi√©n me a servido para practicar mi ingl√©s. Pero, si les agradecer√≠a que la pusieran en otros idiomas.",4,1,1.14.0,2022-05-28 05:30:03,,,1.14.0,es
37,caa957be-eb03-4f55-809c-11341f89863b,Kevinn Perez Quesada,https://play-lh.googleusercontent.com/a-/ACB-R5RHqEm03uVWrWJ0EtsV3yCvoW2DJ3RCTKyF0dSZ6w,"Es mas que todo una herramienta de acompa√±amiento del curso web en la PC, √∫til para repasar en el ba√±o =P",3,0,1.14.0,2022-05-25 08:43:09,,,1.14.0,es
40,e9ca2e92-fe17-41d6-966a-9881dab74c3a,Alex Ironheart,https://play-lh.googleusercontent.com/a-/ACB-R5RlQadFJTVKH4YixGXI7xqVpVxPB7kS4hVhEmVc2A,"No me queda clara la secuencia de ejercicios (para elegir el tema, por ejemplo) y los ejercicios de seleccionar fragmentos para responder no funcionan bien.",2,3,1.14.0,2022-04-06 03:45:12,,,1.14.0,es
49,61a35a01-ce85-4a9c-9fa0-8abd4ffca161,Dario Conde,https://play-lh.googleusercontent.com/a-/ACB-R5SPFIpNg41JxjID2s4uwbD1DRjd54ol03lRulzZ2gA,"No deja crear una nueva cuenta ni loguearse con Google o Facebook. Al seleccionar cualquier de las anteriores, entra en un loop y no avanza. Por favor corregir este bug. Gracias.",1,3,,2022-02-09 04:00:11,,,,es
50,c450a4d9-2c87-4d5f-bd30-306e993941ba,Abaiert,https://play-lh.googleusercontent.com/a-/ACB-R5QPj17au8avh1lot3Hhr5UpPmIpNoE6jBkFsUaVBQ,No me deja conectar con mi cuenta gmail,1,0,1.14.0,2022-02-07 01:08:56,,,1.14.0,es
51,07e51d12-2c17-435d-a7bf-af27e19ee065,Omar Ruiz,https://play-lh.googleusercontent.com/a-/ACB-R5R8_77ClKdc7hnkAWpSwehuXP-CtXfY8WLqdfaB,"todo bien, seria genial poder cambiar de idioma las introducci√≥nes.",4,2,1.14.0,2022-01-25 07:01:31,,,1.14.0,es
52,a18c3e29-c28a-4e49-9210-82ee7c70153c,Jorge Morales,https://play-lh.googleusercontent.com/a/AGNmyxYtYqnoM5bxYp6LGT7uKz9kVGNuy4f9U9V6cUfZ=mo,"El contenido y el m√©todo de ense√±anza de la aplicaci√≥n es diferente al de la versi√≥n web. Prefiero usar la p√°gina desde el navegador, es mucho mejor",2,2,1.14.0,2022-01-21 19:58:51,,,1.14.0,es
53,71ca26ee-1126-4b0b-a9e4-db9b11d6d2f7,Carlos Erquicia,https://play-lh.googleusercontent.com/a-/ACB-R5TlKV3KKRiL4Xgoif4mw2wAckGJD1EYvoCxCkk2Ao0,apasionante mundo,5,0,1.14.0,2022-01-11 10:33:19,,,1.14.0,es
54,3c0aabd2-b0ae-47de-9890-a9be3760d1ab,Victor,https://play-lh.googleusercontent.com/a/AGNmyxaip4if363Rdyeq870_Dkd7Pvj4FieeHBDbX6wvJQ=mo,"La app est√° bien para aprender, la pega es que no se vincula con el perfil de la web. Va por libre",3,0,1.14.0,2022-01-07 10:26:01,,,1.14.0,es
55,e28ce46f-0132-4a65-990e-fb0ef2502430,Tutoriales Natalia,https://play-lh.googleusercontent.com/a-/ACB-R5Tw8j-WHH--EPEq_nD3LQvxT2Pa0paFsJ7QjUNbEg,Falta que est√© en espa√±ol.,4,0,1.14.0,2021-12-30 15:02:22,,,1.14.0,es
56,3c274bec-121f-4976-8609-f0050a8ac549,Camila Florencia,https://play-lh.googleusercontent.com/a-/ACB-R5TtGmzbu-zT89eQlocvZvqSJxFIfKAcyEvt0oOq-Xw,Porque me aparece en ingl√©s solamente?,3,1,,2021-12-26 22:08:40,,,,es
57,b23edcf6-fd32-453c-aab9-0011b31eef37,Alexis Aibar,https://play-lh.googleusercontent.com/a/AGNmyxZph1qw0FRC6p03hHitU8jLg8PAdY1EOjFRhWZ8=mo,muy buen aprendisaje,5,0,1.14.0,2021-12-22 23:41:42,,,1.14.0,es
58,9beb94ec-430c-4624-8330-ca97e10037ce,Carlos Reges,https://play-lh.googleusercontent.com/a-/ACB-R5Riay112FtLhprVoLkWq9XjyjwDP1ytLTQuTKRidg,Es muy buena para ir avanzando. La recomiendo,4,0,1.14.0,2021-12-12 16:08:23,,,1.14.0,es
60,e58dac50-edd1-4e43-9b1c-7429e047425d,Bogues Prime,https://play-lh.googleusercontent.com/a-/ACB-R5REDi3c94ngwfyE-uZNtZplI_bi4rI1W5K8lBsdmHE,"se ve interesante, sigamos probando",5,0,1.14.0,2021-11-07 03:18:46,,,1.14.0,es
61,714f811f-5f3c-4f7a-aad8-c02764f5b322,Roberto hernandez de la iglesia,https://play-lh.googleusercontent.com/a/AGNmyxbDW03MJUMLS4io0sq0KZxfUgP4stKYAGhooIC8=mo,Muy √∫til para mantenerse al d√≠a,5,0,1.14.0,2021-11-06 16:16:18,,,1.14.0,es
63,a8593fb2-87d9-4f90-a52a-7ce1f37b8305,daniel olivera,https://play-lh.googleusercontent.com/a-/ACB-R5T54jVVl4NqvP7M-pZc9O85ypOE6krz5wSiZ6AVYQ,deber√≠a tener espa√±ol,3,0,1.14.0,2021-10-13 18:12:26,,,1.14.0,es
64,1d8ad18b-df65-4403-95db-68b31069a80c,Frandimu,https://play-lh.googleusercontent.com/a-/ACB-R5RE9gXl1ujeG2Twd0f7Ayc14gr4wp9RJhU8yI0IXw,"Es excelente, de verdad se aprende",5,0,1.14.0,2021-10-11 15:29:24,,,1.14.0,es
66,394bb722-81c0-469c-bfcd-0201fe749f12,Yunior Hendrix Calderon Rodr√≠guez (Gyunito),https://play-lh.googleusercontent.com/a-/ACB-R5QXgyhhABsAP21KLI4JqpAdbyOnz-KPRgn3r7LJWBQ,"‚Ä¢ Descubre una nueva forma de practicar la sintaxis de codificaci√≥n. ‚Ä¢ Recuerda m√°s con las flashcards diarias que puedes hojear r√°pidamente. ‚Ä¢ Revisar cuando, donde sea. Deja el escritorio. ‚Ä¢ Aprenda c√≥mo aplicar sus habilidades en su d√≠a a d√≠a con el asesoramiento de los l√≠deres de la industria. ‚Ä¢ Mant√©n las rayas y sigue tu progreso. ¬øQU√â PUEDO APRENDER? ‚Ä¢ Desarrollo web ‚Ä¢ Ciencia de los datos ‚Ä¢ Ciencias de la Computaci√≥n ‚Ä¢ HTML y CSS ‚Ä¢ Python ‚Ä¢ JavaScript ‚Ä¢ SQL ‚Ä¢ Y m√°s por venir ...",5,3,1.14.0,2021-10-05 08:46:50,,,1.14.0,es
68,58908fb8-c030-4ab5-be21-d043fa6e0db5,Abdallah Boucetouh,https://play-lh.googleusercontent.com/a/AGNmyxYZfgPpM_oQXAlyyFdkY9vp0TOCaYHcPTLjz0y_=mo,Elmejor apl,5,0,,2021-09-15 23:21:43,,,,es
69,25302091-6b27-4a22-a255-dd2d776237ef,Hernan Gustavo,https://play-lh.googleusercontent.com/a-/ACB-R5SuAJqrYSTN4rVDLA1IV0f_J4MwaMVEGsL922yzMA,Una de las mejores experiencias para empezar en la programacion. La versi√≥n pro es genial,5,2,1.14.0,2021-09-08 17:15:59,,,1.14.0,es
70,76288bcc-89f5-48ad-afde-b789bdf77852,Daniel BzG,https://play-lh.googleusercontent.com/a-/ACB-R5T1Y9HwmhS1TOYQa-A94Saf5lNuwiTD_j5NMDpU1w,"La √∫nica pega es que est√° en ingl√©s, pero si quieres ser programador creo que es esencial dominar el idioma ingl√©s",4,6,1.14.0,2021-09-04 23:25:50,,,1.14.0,es
73,4e5e83a5-2b63-4d62-8d99-3134a7a6ea5b,Fernando salda√±a,https://play-lh.googleusercontent.com/a-/ACB-R5Setc6cV3x1WU33iIro1ssitK07gCXDtsgX-OaH1ZU,Excelente plataforma de aprendizaje,5,0,1.14.0,2021-08-19 07:04:12,,,1.14.0,es
74,c2e24088-e48e-4c29-9ce6-e763ffc42977,ArellanoB,https://play-lh.googleusercontent.com/a/AGNmyxaTLyQObWMZoFRNVKohAI_NDxhD0UdqpkmsSeO8TQ=mo,Bastante √∫til...,5,0,1.14.0,2021-08-15 05:50:29,,,1.14.0,es
76,d684b432-45c3-4216-b14e-25c15d5f8fd1,Otheb,https://play-lh.googleusercontent.com/a-/ACB-R5RwfpInJjc-iDUywc11NswxkkDSvqIlpkstWk6s,La aplicaci√≥n es buena pero no se porque no avanza mi progreso como en la p√°gina web. Aqu√≠ siempre se queda en la primera lecci√≥n.,3,0,1.14.0,2021-07-09 17:50:49,,,1.14.0,es
77,1e807992-ce49-4ee2-a639-146e23a556b7,Marco Garc√≠a,https://play-lh.googleusercontent.com/a/AGNmyxYJPG_KBiLWYpbKx8OtKzgUY1c_jJXbVFBuULy4=mo,La mejor plataforma para aprender.,5,0,1.14.0,2021-07-02 22:55:16,,,1.14.0,es
79,bb178c35-1743-4f7e-a1be-b356ac65a40e,Alberto G,https://play-lh.googleusercontent.com/a-/ACB-R5TafpzJqMR80sDa5C7ZwOH3QTDsVBW9voFFH-ezS1s,Al seleccionar respuestas deja los cuadros en negro (vac√≠os),1,0,1.14.0,2021-06-27 14:53:16,,,1.14.0,es
80,1932edb9-ed30-4f3d-b6af-cc881257e7c1,animator exe (Animator-exe),https://play-lh.googleusercontent.com/a-/ACB-R5Q_KwOyIUqjJZAKVXrnxUqB-vqh62_tN9UbbXJp,muy buena pero no explican algunas cosas claramente,4,0,1.14.0,2021-06-08 18:43:35,,,1.14.0,es
81,bbeb2f3e-64fc-4abe-819c-0b7498db604a,Jacobo Fern√°ndez-Jard√≥n,https://play-lh.googleusercontent.com/a-/ACB-R5QMPCszSiTa07j77qIUzatomFS2hTbtfW8YDKaLWg,Recomendaci√≥n mejorar el modo oscuro. Gracias.,5,1,1.14.0,2021-06-08 18:08:42,,,1.14.0,es
82,2b2ac201-8c77-4ab9-b969-f68fd720e6d5,Samantha Ossandon,https://play-lh.googleusercontent.com/a-/ACB-R5R8xwzB35BnwKfplZavibCmxIazEQHtlBxo62-H2g,"Nunca me funcionaron la actividades de elegir los tags que correspondan, tengo que seleccionar cualquier cosa y as√≠ equivocarme para poder continuar",2,4,1.14.0,2021-06-07 04:29:29,,,1.14.0,es
84,d9941221-8a05-456b-8739-fac8c04f7f41,Pablo Irigoin Silveira,https://play-lh.googleusercontent.com/a-/ACB-R5ToQYASaVnpscBaD0JSjcbnk0QYZdvM-KnSRzyDIQ,"Los ejercicios de tipo ""seleccionar el orden de los elementos"" no funcionan bien. En ocasiones una misma respuesta se coloca varias veces o no se visualizan en el orden en que uno las ingresa. Al final hay que ""equivocarse"" a prop√≥sito para poder continuar.",2,15,1.14.0,2021-06-04 02:15:09,,,1.14.0,es
85,ed0fe4b1-040b-443f-9eb8-21104575467f,Jair Castillo,https://play-lh.googleusercontent.com/a-/ACB-R5QrrvZ4cBqLTBgp1ZygKIJDsTY2fnCQbOrF-uMYfg,"Muy did√°ctica, muy buena app para aprender haciendo desde cero.",5,0,1.14.0,2021-06-02 06:46:18,,,1.14.0,es
86,b18386ce-761d-4d8a-bd54-d46007d5c8bf,Mart√≠n Fiscina,https://play-lh.googleusercontent.com/a-/ACB-R5SDut9ErdoTiMSGwnZN_-RFoGb20fOJYijgNl0WuA,falta traducir la app a espa√±ol,2,0,1.14.0,2021-05-27 05:13:00,,,1.14.0,es
87,34b70a72-9ef6-4d39-9cef-2cbb16a9ae60,Edu Falcon,https://play-lh.googleusercontent.com/a-/ACB-R5Qc2A8k2BahUc8V4fGjJroJa6btRwFzNGf8slz0HQ,No se puede hacer lo mismo que en el sitio web,2,0,1.14.0,2021-05-23 05:27:57,,,1.14.0,es
88,bb63443b-1b13-4132-88ee-8f9e011a069f,Raul Ibanez,https://play-lh.googleusercontent.com/a-/ACB-R5QAv0VAyRF9ZSBLhsE3gcQPbGq3xbTkWlB1fRA_PQ,excelente aplicacion.,5,0,1.14.0,2021-05-13 05:27:31,,,1.14.0,es
90,e311c1e3-a164-45da-93a8-bbd08aff6dbe,Facundo Gonz√°lez Batalla,https://play-lh.googleusercontent.com/a-/ACB-R5St3OENyKQJMdaZc-O3Ezt1rzryYisLdCtR46rTKA,Me encanta,5,0,1.14.0,2021-04-28 22:53:22,,,1.14.0,es
91,25b12ccb-dc74-48cf-8c3b-410a651f5d03,jorge perez,https://play-lh.googleusercontent.com/a-/ACB-R5Skx2P1Yvgw9T3RpXAvTd6ejuPh75eWvWmEXwVY,"La mejor app para programar, con m√∫ltiples lenguajes",5,0,1.14.0,2021-04-22 22:27:11,,,1.14.0,es
92,698498fb-23f4-4035-ab34-41f1cdad4710,ian kraan,https://play-lh.googleusercontent.com/a/AGNmyxbKPnWamZYfjVYeKP1NNurdRKp1GwAK0x-j6fly=mo,bueno para practicar,5,0,1.14.0,2021-04-19 02:06:53,,,1.14.0,es
93,41a55af4-05aa-497e-a7e9-34fa5c235727,Nicolas E. Palacios,https://play-lh.googleusercontent.com/a-/ACB-R5T4XcXUA8kApIRX1MymtZuIs2ldFMTV-PyqzKh34Q,Excelente aplicaci√≥n para el apoyo en el aprendizaje de lenguajes de programaci√≥n,5,0,1.14.0,2021-04-09 01:56:17,,,1.14.0,es
96,0e02f8bc-cbf9-4104-a7e0-607298c2e92c,Deivid Carrillo,https://play-lh.googleusercontent.com/a/AGNmyxbD0eR1HJJh3QApYLxLkpx60NuJtvaLF7p9ekYM=mo,buenisimo,5,0,1.14.0,2021-03-25 10:07:57,,,1.14.0,es
98,5ef02a4b-6f05-4b47-9b43-41942e207ca9,sebastian suarez,https://play-lh.googleusercontent.com/a/AGNmyxb1fOTCqmma3v0A4JWPP9pa27Xvm2_bYNZcqJs9=mo,Es genial! aunque ser√≠a bueno poder configurarlo para espa√±ol,5,0,1.14.0,2021-03-14 06:14:27,,,1.14.0,es
100,509abe9f-52c2-4852-9ccd-1b67537824d2,Sergio V√°zquez,https://play-lh.googleusercontent.com/a-/ACB-R5TwKxF-Dw_HhsHPIawgjZUEV6ZdW_cKaI3ER-fq5Q,I love codecademy,5,1,1.14.0,2021-03-03 00:56:08,,,1.14.0,es
102,b2eb1ec5-62e2-40d8-9b15-7078dab58610,Zuleida Diaz,https://play-lh.googleusercontent.com/a/AGNmyxb9tTKcQm3RHaKsVIiqG_KW2jI0y2TsLolsG34=mo,"Me gusta mucho la aplicaci√≥n es muy buena el √∫nico problema que tengo es que esta en ingles, claro que esta bien aprender nuevos idiomas pero eso le pone mas dificultad y ademas es molesto tener que ir al traductor a cada rato para saber lo que significa cada palabra por lo que me gustar√≠a que hubiera una opci√≥n para cambiar el idioma, lo agradecer√≠a mucho",4,28,1.14.0,2021-02-26 01:13:12,,,1.14.0,es
103,b24cf72e-4d7b-4994-bdfc-f5c831be74af,Tio Pelayo,https://play-lh.googleusercontent.com/a/AGNmyxYfsx0oSQwmjx1p4I1ct56MJCNhXqAgRlxuUOPc=mo,"Muy excelente para practicar y desarrollar habilidades, muy recomendable",5,0,1.14.0,2021-02-23 04:20:55,,,1.14.0,es
104,8f392af2-cc40-4291-a56a-89ce6e68b9f8,Mateo Varela,https://play-lh.googleusercontent.com/a-/ACB-R5TT0omjQiGd4zOuqrOEHhABnAGdlLl2GchUHr8c_ck,Una genialidad,5,0,1.14.0,2021-02-22 14:15:26,,,1.14.0,es
105,b339278e-210c-4f0b-bd71-a6826c3487f5,Gonzalo,https://play-lh.googleusercontent.com/a-/ACB-R5SquufdNYI74Rz_chQlsQBM9Ff8HEYp6bCBMd2DXg,ta weno xd,5,0,1.14.0,2021-02-21 12:08:39,,,1.14.0,es
106,3a6636b0-32e0-4ee6-8469-ffc37b91adeb,Ariel Alvarez,https://play-lh.googleusercontent.com/a-/ACB-R5RJTbgexgqqcuIjMJRGpQAXnHcLrlinvBn4xJYVpQ,buena opci√≥n para aprender lenguajes nuevos y practicar ingles,5,0,1.14.0,2021-02-16 14:39:57,,,1.14.0,es
108,e41d4b1d-d560-4d20-aa90-34aa24cf2c48,Centrista Alvarado,https://play-lh.googleusercontent.com/a-/ACB-R5Sw0ydC493u5fHADzbfjqz-Bi-NbtZmOintGYrGMRE,Est√° excelentenesta app... no encuentro para nada malo que sea en ingl√©s ya que en el medio en el cual se desarrolla est√° en su gran mayor√≠a en ingl√©s y te hace practicarlo. Adem√°s de poder estudiar en una tablet o en el m√≥vil es una mega ventaja.,5,16,1.14.0,2021-02-03 14:23:25,,,1.14.0,es
109,a239f4d0-82bf-4669-85e1-c890062a9e2c,Lucia Vicu√±a,https://play-lh.googleusercontent.com/a-/ACB-R5Qx9MIY5gcvepZBO6-jyrzxw64DcDbBrr1O3-3zrA,"Excelente aplicaci√≥n, ideal para reforzar lo aprendido, adem√°s el dise√±o de interfaz y la experiencia de usuario es √≥ptima, la recomiendo.",5,3,1.14.0,2021-02-02 03:08:11,,,1.14.0,es
111,c6dbd89f-c15b-43fd-98cb-f49773d935e3,Inago table,https://play-lh.googleusercontent.com/a-/ACB-R5QUqOq3PkuDGtU2vMTb41D25kFg0Yrc-R2Rl3Ocbw,too cool,5,0,1.14.0,2021-01-25 14:44:23,,,1.14.0,es
112,beeaf2fb-c768-4f0f-9f71-6bc7055a2f7b,Alexis Mora,https://play-lh.googleusercontent.com/a-/ACB-R5TfzKj9upUgHxtHpKz9HaEW1VPMISOfJoZJBtA93Q,Incre√≠ble aplicaci√≥n.,5,0,1.14.0,2021-01-22 06:24:06,,,1.14.0,es
113,138264a5-55cd-4fa8-93ae-e7625f116d46,Daniel Alonso,https://play-lh.googleusercontent.com/a/AGNmyxaHkXDVz4Knn_NK6zRF6hD9rwgNp-XygE1K8Axn=mo,"Los primeros 5 minutos, bien",4,0,1.14.0,2021-01-16 18:55:40,,,1.14.0,es
115,579f16c8-5e84-4600-b9b4-ef2067497c1c,C√©sar Jim√©nez,https://play-lh.googleusercontent.com/a/AGNmyxZPe8t1UAtCuroegm98CEVywEJKnEfo48nLNiHgKqk=mo,Funciona,5,0,1.14.0,2021-01-04 01:36:05,,,1.14.0,es
117,0d3bea48-ebf7-4fa9-8d01-31a8d3490b5f,JCervants,https://play-lh.googleusercontent.com/a-/ACB-R5RxBeFPtxOXuHIDY0iVVO8EYMrweGiDqbhT1jbtVQ,me parece que podr√≠a implementar m√°s lenguajes de programaci√≥n,3,2,1.14.0,2020-12-31 21:01:20,,,1.14.0,es
119,6dc666ef-120b-41ec-82c4-7be30b54e854,mark anthonny gutierrez,https://play-lh.googleusercontent.com/a/AGNmyxaZHQ5WfO9rjhSdPRsqC9cfijDiaZZ1pcNL3jPD=mo,buenisimo,5,0,1.14.0,2020-12-28 10:46:58,,,1.14.0,es
121,0313a9dc-5fa5-4a05-8737-1caa640bc055,Navor Navia Urd√°nigo,https://play-lh.googleusercontent.com/a-/ACB-R5RklsGF2lgnFea1SlDNDV1j1k64ObBDFPd_idVRgw,Fluida y pr√°ctica,5,0,1.14.0,2020-12-19 11:53:13,,,1.14.0,es
124,41253db6-85fb-4cc1-a9ff-733816dc09b2,Amado Garcia,https://play-lh.googleusercontent.com/a-/ACB-R5SsXX3N4U5RdvVomnLdVugOADO7xB0eOq2uKCBk,Es buena para dar seguimiento al aprendizaje y no olvidar los conceptos. Me gustar√≠a que tambi√©n incluyera ejercicios pr√°cticos.,5,4,1.14.0,2020-12-06 20:39:51,,,1.14.0,es
125,d0aa812d-a3f3-47c2-b129-0187c0fa07e3,Antonio Rivero Diaz,https://play-lh.googleusercontent.com/a/AGNmyxYI_jFCd5ETbeXePLHWls8Rgo-RIFEUVMy9By3E=mo,Muy buena forma de practicar y aprender c√≥digo,5,0,1.14.0,2020-11-29 17:53:46,,,1.14.0,es
126,dcf08ece-a0ee-40b3-b4e1-cec185433710,Nicol√°s,https://play-lh.googleusercontent.com/a-/ACB-R5Sk_L21Cwz8dCMwreefAEbR7tmUwTewluCwOWFJTA,Es excelente para aprender programaci√≥n en el lenguaje que elijas. El punto negativo es que necesitas saber ingl√©s si o si,5,8,1.14.0,2020-11-27 00:17:42,,,1.14.0,es
127,11e1963d-a7d2-4733-b877-1c7a9ba54dad,Joan Gimenez,https://play-lh.googleusercontent.com/a-/ACB-R5Sat1pvOl-CBhSb1s_wRI_gLt1C8ohUJ_fHfWYO1g,Es muy pr√°ctico para refrescar conceptos ya le√≠dos en la p√°gina.,4,1,1.14.0,2020-11-26 03:39:26,,,1.14.0,es
129,25d6285a-0ae0-4ce6-9774-97ded5373446,Juan Carlos M.,https://play-lh.googleusercontent.com/a/AGNmyxbgFEkusExV1gxB6Cyu2W8aerGxsBurjsXAUv6U=mo,Ser√≠a ideal si estuviese en idioma espa√±ol tambien.,4,16,1.14.0,2020-11-24 06:09:31,,,1.14.0,es
131,41b5cad7-52e1-42bd-bb7e-8ec0bf2fda4e,Urbano Pasos Jacobo,https://play-lh.googleusercontent.com/a-/ACB-R5Q6f3StrYpgeJUZV4xFnBE7c5leKZ4Ctr-oKP_OtOE,Le falta al chile,1,0,1.14.0,2020-11-18 00:57:08,,,1.14.0,es
135,79665f9b-3bc5-4b9e-8d69-6297304af4f6,Fernando Antonio Rodr√≠guez Fremion,https://play-lh.googleusercontent.com/a/AGNmyxYmzd3OHqz8FnafWGTrw8eGYvZBKhuk9MX5WAy3=mo,"Est√° bien, para practicar cuando consigues 10 minutos en tu d√≠a y est√°s alejado de tu pc.",5,0,1.13.1,2020-10-20 07:45:28,,,1.13.1,es
137,28fba7c0-ba0a-4749-b4a7-e4a9e25049bd,Cristian,https://play-lh.googleusercontent.com/a-/ACB-R5RYAls6s-594LnsxL6gewL8Vnr0auRf0x0znc_E,Es muy buena,5,0,1.13.1,2020-10-13 23:12:35,,,1.13.1,es
139,0f5ec32f-5bef-48d4-a096-b54930af0d77,Santiago Macias,https://play-lh.googleusercontent.com/a-/ACB-R5SRugXUwf_1_oYm1fQJLN38kuv52v5RqhLT-uUoLg,Hace faltan mas idiomas,4,1,1.13.1,2020-10-11 06:27:12,,,1.13.1,es
141,e0c69cc3-4c47-4982-8df9-4298af7eedfc,Juan L. Garc√≠a,https://play-lh.googleusercontent.com/a-/ACB-R5RXjwFoswLXNS6xYyGOkfZrH7VURLUp-x5OeMSqgA,Perfecto para repasar conocimientos de diferentes lenguajes de programaci√≥n,5,1,1.13.1,2020-10-08 06:28:43,,,1.13.1,es
142,611e7a50-5909-42bf-a36b-85bb6e16d637,Gerardo Ramirez,https://play-lh.googleusercontent.com/a-/ACB-R5SGEcABgkCytFwLKRKvHmpaA_a0cFD_1ogCh3ezwQ,Aplicaci√≥n muy √∫til para practicar donde sea,5,1,1.13.1,2020-10-05 15:27:51,,,1.13.1,es
147,291a4c2d-d55f-45dc-975b-7bf7a27672c3,Luis Leonardo Ascanio,https://play-lh.googleusercontent.com/a-/ACB-R5QlAHSNMvJqI3eZg8xKb-6cm04pcUWDuNqOm4QXnA,Hasta ahora me gusta,5,0,1.13.1,2020-09-22 00:42:07,,,1.13.1,es
150,a2aed54e-95de-430c-a944-fd15a17c28b5,Orlando Leal Rivera,https://play-lh.googleusercontent.com/a-/ACB-R5QyEY1PZJecGs-NLg6K3H7MHuWulaU-E2l-vbwAAg,Hasta ahora la aplicaci√≥n muy pr√°ctica simple para comenzar aprendiendo diferentes lenguajes,4,0,1.13.1,2020-09-08 01:18:46,,,1.13.1,es
151,887a6939-357a-45f8-b2c6-bd2b1b3725ba,DarkSoul - Gamelays y Mas „ÉÑ,https://play-lh.googleusercontent.com/a-/ACB-R5SdGAvnYPj8ddzd8be4n-x8O96Ol8tvotXhsxn3,"Perfecta en las primeras impresiones. La tendr√≠an que optimizar para que vaya un poquito m√°s r√°pida en tel√©fonos viejos, pero est√° de 10!üòä",5,5,1.13.1,2020-09-03 05:42:54,,,1.13.1,es
153,04be56b1-217e-43b7-adbf-1cfa1e6c657f,David,https://play-lh.googleusercontent.com/a-/ACB-R5TTo7pw7bhV3YX3yfzY5Qnj6BkS3ubeZJW9ei9DXG0,"Tengo una duda, ¬øLos cursos tienen subt√≠tulos aunque sea en ingl√©s?",3,0,1.13.1,2020-08-27 18:42:11,,,1.13.1,es
154,0145ab1b-4225-48b2-9754-5d07633ca144,Edison Burrion,https://play-lh.googleusercontent.com/a-/ACB-R5RnjK7D_Wgw4h1UD73-hOfvg_RfJWA5L6sU_hrR,"Es muy buena esta aplicaci√≥n, aunque inicia en un grado donde ya requieres conocimiento b√°sico previo, te ense√±a muy bien sobre l√≥gica de programaci√≥n. Excelente.",5,5,1.13.1,2020-08-26 16:00:00,,,1.13.1,es
157,032288e9-4780-46f1-b95d-32a195644cd2,Andres Salomon,https://play-lh.googleusercontent.com/a-/ACB-R5QFlKLQeuWlWDl0DHr0dT7q4rq4RGWESC3qVp_sOQ,"Hasta el momento, genial! Gran apoyo a la p√°gina y sirve para pasar el rato y repasar conceptos. Vi que se quejan de que est√° en ingl√©s, me permito un consejo, si quieren programar tienen que aprender ingl√©s, ya que la mayor√≠a de los lenguajes y bibliograf√≠a importante est√° en dicho idioma. Me falta probar el PRO, el cual seguramente me suscriba pronto. Muchas gracias por dedicarle tanto esfuerzo a ense√±ar, me sirve much√≠simo!",5,24,,2020-08-17 13:33:42,,,,es
158,db00968b-3fe1-4108-a71e-887e299f6a64,Benji Martinez,https://play-lh.googleusercontent.com/a-/ACB-R5SAEIBYKa_OwtzBiojHO_Za6sMxR1co2MgIt58zFg,"Es una buena app para repasar y aprender programaci√≥n en tu tiempo libre, el transporte, en la comida etc",5,7,1.13.1,2020-08-12 01:56:30,,,1.13.1,es
160,575bb67c-bdf8-41a7-bed2-93924d3509b2,Pablo Depotato,https://play-lh.googleusercontent.com/a-/ACB-R5QVfgZ1Y_k-cssZ5bF6T0yvK495GJGhV1i8SaqVWQ,"No es muy intuitivo de usar, deber√≠a haber una traducci√≥n al espa√±ol.",3,8,1.13.1,2020-08-11 00:52:46,,,1.13.1,es
162,0e1ed5c8-5e6c-448c-a8ac-ae300d539eb3,Diego Fourmentel,https://play-lh.googleusercontent.com/a-/ACB-R5RB537Va6TR8V78a62LrDLdXzA71nrC8nZGSDDDvw,Perfecta,5,0,1.13.1,2020-08-10 01:02:15,,,1.13.1,es
164,32045daa-021a-48e1-a31d-53bb53164a4c,Nazareno Israel Calero,https://play-lh.googleusercontent.com/a-/ACB-R5QQvPql3sehurL2CkD-XUs4LYQDc80SAuQ4Tyx-eIE,"Buena app, vendr√≠a muy bien que est√© en espa√±ol tambi√©n.",5,4,1.13.1,2020-08-05 12:53:58,,,1.13.1,es
165,f533a79e-a9af-49e9-8678-5206be06dac1,Jose Luis Jimenez Vazquez,https://play-lh.googleusercontent.com/a-/ACB-R5QAQSB0u0dCYFMcx_qZylUjUiAfWQULwkskYwg,Esta en ingl√©s eso es lo malo,3,0,1.13.1,2020-07-30 14:36:31,,,1.13.1,es
168,ec051ed9-2845-4ab9-996a-a3e4903af756,Omar Daniel Esquivel S√°nchez,https://play-lh.googleusercontent.com/a-/ACB-R5Rr8Rl3iW4Ox8KQHhuIf6sjqNo5XX4BXd3POecq,Contiene todo para aprender las bases,5,0,1.13.1,2020-07-21 02:09:19,,,1.13.1,es
169,532cbafb-6347-4b26-bfd4-4c20c0102c7b,Luis Ricardo Manzano Sol√≠s,https://play-lh.googleusercontent.com/a-/ACB-R5T9HB0dsA5V0GpDclUtXYWR4OrBTYvoq9UjApH2FA,Buena para practicar lo visto en los cursos.,5,0,1.13.1,2020-07-19 18:10:04,,,1.13.1,es
170,0e4e2a38-e6a5-46c4-a4f7-249ce2c193f1,Tuy10,https://play-lh.googleusercontent.com/a-/ACB-R5TGWAT9dPGfJrmmdlj2B6ckT_hHiZPm_MmLWnAY_Q,"Por el momento est√° muy bien, solo que mi ingl√©s es al 50% buena app.",5,0,1.13.1,2020-07-19 03:34:02,,,1.13.1,es
171,d9a6bab5-f678-4e18-b081-a20179e2a432,GeoMaps G√§tjens VR Costa Rica (Jerem√≠as Gatjens),https://play-lh.googleusercontent.com/a-/ACB-R5TuM7gZwwSF2yH5GTKzPRBzes5hN3IsXRADTRz0i4o,Apenas para aprovechar el tiempo,5,0,1.13.1,2020-07-18 20:29:10,,,1.13.1,es
173,c88b2824-d767-4acf-ac6b-a7b60303461b,Reva,https://play-lh.googleusercontent.com/a-/ACB-R5RqlKKk_FjEV8yKVCsKcxRxfyD4taPZCam0skNHFA,La aplicaci√≥n simplemente se pone en blanco y no me deja utilizarla,1,2,1.13.1,2020-07-08 16:37:10,,,1.13.1,es
174,1c92144d-beaf-45b2-8e12-677e3d2779cf,Pedro Bello,https://play-lh.googleusercontent.com/a/AGNmyxY595lQyCSECNnG486SZreIbpEU6hIMPR38xTU2=mo,Los amo! Gracias por tanto,5,0,1.13.1,2020-07-08 05:05:58,,,1.13.1,es
175,ac0bc7a9-77cf-449c-8512-e2d31aed1c8b,Elena Gonzalez,https://play-lh.googleusercontent.com/a-/ACB-R5SYDRiZwDS4D_rLTY2CiMNJDjP5-CHu1B_eXjBbjA,Excelente. Para seguir practicando y aprendiendo desde el celular,5,1,1.13.1,2020-07-04 02:15:46,,,1.13.1,es
181,b02a7bb7-806d-4fe5-95d9-4674fde398a3,Daniel Castillo Silva,https://play-lh.googleusercontent.com/a-/ACB-R5SAEfiyFkU9iNrOVJ2zwkzLJcr-GqK6YaVcUYGqNQ,Muy pr√°ctica y muy atractiva visualmente,5,0,1.13.0,2020-06-11 02:51:35,,,1.13.0,es
182,cfde9804-78f8-454f-8155-4491a3875a1c,Carlos Davila,https://play-lh.googleusercontent.com/a/AGNmyxZ_VfRP3xG4S3vfIi-MnokqRa1gKfPwB6zI7hJL=mo,Simplemente perfecta,5,0,1.13.0,2020-06-10 05:19:27,,,1.13.0,es
184,4b8747f7-9ca6-4ad4-b17c-7d7855250b07,Lucas Abtt,https://play-lh.googleusercontent.com/a-/ACB-R5QfqM_N0568vK2xR-XDkI2lVJDwMgVlRLCJMsLHk7A,Excelente interfaz para aprender,5,0,1.13.0,2020-06-07 06:45:47,,,1.13.0,es
185,db8bd025-29e7-482f-bdf3-b0e5d9b2c4e4,Fabian Jimenez,https://play-lh.googleusercontent.com/a-/ACB-R5SzeQtKlEJz0eOIczjgbw-5jAjjmSVjASIE4bRpDg,"Muy buena app, pero no tiene traducci√≥n al espa√±ol :c",4,0,1.13.0,2020-06-04 02:51:37,,,1.13.0,es
186,f2142a4c-6fe1-4e23-b336-c42260cb322c,Juan Carlos Delgadillo,https://play-lh.googleusercontent.com/a-/ACB-R5SaLXesSHgUxOTrevtrnpuQnG4nFIzhB4w0bH7zBQ,Muy divertida...,3,0,1.13.0,2020-06-02 03:24:11,,,1.13.0,es
187,c3e32237-f4e9-4ced-a7fc-76f6a8390970,Epa Yao,https://play-lh.googleusercontent.com/a-/ACB-R5SlWZ_5UGKeEGc8V51TItV9Seti_KxzdPFCEajDLw,F√°cil de usar y motivadora,5,0,1.13.0,2020-05-27 09:26:17,,,1.13.0,es
188,679e0181-3c23-4a51-9447-5df839eb27d8,Alfredo Alejandro Delgado Lopez,https://play-lh.googleusercontent.com/a-/ACB-R5TwndL4xDPSBB5MGvc-Rx_8kN5M40gh0F3aMW578g,"Incre√≠ble aplicaci√≥n para aprender a todo lo necesario en el mundo de la programaci√≥n. La aplicaci√≥n es f√°cil e intuitiva si est√°s aprendiendo desde 0 est√° la alternativa ideal, si ya sabes y quieres expandir o refrescar tus conocimientos va genial tambi√©n.",5,9,1.13.0,2020-05-26 10:08:59,,,1.13.0,es
189,4d8ed36c-fffc-40e0-9991-001007c22804,Luc√≠a Montivero,https://play-lh.googleusercontent.com/a/AGNmyxaTtx6TJGFsI-ge339E_gde59r6fplClt7i22f2=mo,"Es muy buena, te permite repasar lo aprendido en la web. Tarda mucho en abrir.",4,1,1.13.0,2020-05-24 03:28:31,,,1.13.0,es
190,287ad596-2713-4f6d-b84f-97c4a198a430,Daniel Cruz,https://play-lh.googleusercontent.com/a-/ACB-R5S4KZZ1Jt2IzRh1WKdoxNC5cku5PJ6BmgzL84lDd6E,"Es una buena aplicaci√≥n, pero tengo problemas con ella, al iniciar se detiene y solo aparece una pantalla en blanco, tengo que entrar y salir unas 15 o 20 veces para lograr entrar y pr√°cticar",1,6,1.13.0,2020-05-20 05:13:09,,,1.13.0,es
191,5632dd1c-9f57-4029-bad3-44f59cdcb2ac,Yago Gamer!!!???,https://play-lh.googleusercontent.com/a-/ACB-R5RhtJLPWF_8CvIrAbbbQgO72SawpQ_d2QBrEkP9,Estar√≠a bueno que la pongan en espa√±ol,2,0,1.13.0,2020-05-19 20:44:59,,,1.13.0,es
192,c3140efe-c90a-429b-80c6-67e45f032605,Nil,https://play-lh.googleusercontent.com/a/AGNmyxbm1F5prQPbmuhvjoCQQZaq9A9VwUIQxL7PAB7Z=mo,Realmente muy buena app. Te permite repasar con cuestionarios lo que aprendes en la web con el ordenador.,5,3,1.13.0,2020-05-18 01:08:52,,,1.13.0,es
194,8cf3e3a0-dcbb-4849-96cd-a600e3a2f9d0,Milena Lingua,https://play-lh.googleusercontent.com/a-/ACB-R5QL0006u50KGAEZP_PO9bLABdPtrqCFQ2hyrgp6J0k,Sacaron todos los cursos en espa√±ol.,1,0,,2020-05-13 14:46:47,,,,es
197,77586c47-9709-4fef-a72a-845e1f54f283,Ezequiel Adur,https://play-lh.googleusercontent.com/a-/ACB-R5QbgqMNtG6dG3hkZLgjgCydFoDGKBtwPFsPMtDZ3Q,Tarda bastante en abrir y est√° completamente en ingl√©s lo que nos dificulta responder las preguntas para los que no sabemos ingles. Despu√©s de eso est√° buena la aplicaci√≥n,3,6,1.13.0,2020-04-30 06:07:43,,,1.13.0,es
199,3466b4bb-0564-4f6c-a143-29b1ee0c8cd6,Un usuario de Google,https://play-lh.googleusercontent.com/EGemoI2NTXmTsBVtJqk8jxF9rh8ApRWfsIMQSt2uE4OcpQqbFu7f7NbTK05lx80nuSijCz7sc3a277R67g,Buen√≠simo para practicar en modo GO,5,0,1.13.0,2020-04-28 05:25:01,,,1.13.0,es
203,15370139-4643-482d-a825-f879db6eccc3,Un usuario de Google,https://play-lh.googleusercontent.com/EGemoI2NTXmTsBVtJqk8jxF9rh8ApRWfsIMQSt2uE4OcpQqbFu7f7NbTK05lx80nuSijCz7sc3a277R67g,"Facil de usar, muy recomendable",5,1,1.13.0,2020-04-15 15:06:55,,,1.13.0,es
204,574e8057-75e2-428e-973b-073cc14fbfaf,Un usuario de Google,https://play-lh.googleusercontent.com/EGemoI2NTXmTsBVtJqk8jxF9rh8ApRWfsIMQSt2uE4OcpQqbFu7f7NbTK05lx80nuSijCz7sc3a277R67g,Muy buena para aprender algo nuevo cada d√≠a.,5,0,1.13.0,2020-04-11 02:04:18,,,1.13.0,es
205,9e598221-99e4-4c03-943d-bdca053b2528,Un usuario de Google,https://play-lh.googleusercontent.com/EGemoI2NTXmTsBVtJqk8jxF9rh8ApRWfsIMQSt2uE4OcpQqbFu7f7NbTK05lx80nuSijCz7sc3a277R67g,"Pero ser√≠a mucho mejor si pudiera cambiar el lenguaje, ya que que la sintaxis del idioma espa√±ol es diferente.",5,1,1.13.0,2020-04-05 13:59:16,,,1.13.0,es
207,1fcaa7ff-fc5d-4542-996e-839ca3c48555,Un usuario de Google,https://play-lh.googleusercontent.com/EGemoI2NTXmTsBVtJqk8jxF9rh8ApRWfsIMQSt2uE4OcpQqbFu7f7NbTK05lx80nuSijCz7sc3a277R67g,Excelente para aprender me encanta,5,0,1.13.0,2020-04-02 05:34:25,,,1.13.0,es
208,99b3e60f-3b89-42e2-9985-fc96bd58bce6,Un usuario de Google,https://play-lh.googleusercontent.com/EGemoI2NTXmTsBVtJqk8jxF9rh8ApRWfsIMQSt2uE4OcpQqbFu7f7NbTK05lx80nuSijCz7sc3a277R67g,Perfecta para practicar y refrescar conocimiento,5,0,1.13.0,2020-03-30 04:18:59,,,1.13.0,es
211,27ddbebb-c172-477a-93cc-4730f4344709,Un usuario de Google,https://play-lh.googleusercontent.com/EGemoI2NTXmTsBVtJqk8jxF9rh8ApRWfsIMQSt2uE4OcpQqbFu7f7NbTK05lx80nuSijCz7sc3a277R67g,"Buena interfaz, te ayuda a practicar las cosas que ya has visto. Es muy versatil y comoda. Seguire usandola.",5,5,1.13.0,2020-03-24 17:20:06,,,1.13.0,es
212,08f3875a-6d29-48f1-a23e-bcc074aebb0f,Un usuario de Google,https://play-lh.googleusercontent.com/EGemoI2NTXmTsBVtJqk8jxF9rh8ApRWfsIMQSt2uE4OcpQqbFu7f7NbTK05lx80nuSijCz7sc3a277R67g,Me encanta,5,0,1.13.0,2020-03-23 09:06:56,,,1.13.0,es
213,84566407-88cf-476b-9352-469d8903786a,Un usuario de Google,https://play-lh.googleusercontent.com/EGemoI2NTXmTsBVtJqk8jxF9rh8ApRWfsIMQSt2uE4OcpQqbFu7f7NbTK05lx80nuSijCz7sc3a277R67g,Excelente experiencia de usuario,5,0,1.13.0,2020-03-21 13:07:36,,,1.13.0,es
214,eabcad61-6034-487a-a656-771c5d6f310d,Un usuario de Google,https://play-lh.googleusercontent.com/EGemoI2NTXmTsBVtJqk8jxF9rh8ApRWfsIMQSt2uE4OcpQqbFu7f7NbTK05lx80nuSijCz7sc3a277R67g,Te permite seguir practicando lo que no podes hacer en la PC. En tu tiempos libres en ves de jugar pr√°ctica.,4,0,1.13.0,2020-03-16 01:53:57,,,1.13.0,es
215,1ddf62b4-3051-4b70-a53c-ff875cf5a90b,Un usuario de Google,https://play-lh.googleusercontent.com/EGemoI2NTXmTsBVtJqk8jxF9rh8ApRWfsIMQSt2uE4OcpQqbFu7f7NbTK05lx80nuSijCz7sc3a277R67g,"F√°cil de aprender, trae ejemplos simples e una interfaz limpia y agradable",5,4,1.13.0,2020-03-14 22:25:50,,,1.13.0,es
216,8bed7394-dc58-4fe7-b223-f03b9e97dd79,Un usuario de Google,https://play-lh.googleusercontent.com/EGemoI2NTXmTsBVtJqk8jxF9rh8ApRWfsIMQSt2uE4OcpQqbFu7f7NbTK05lx80nuSijCz7sc3a277R67g,Es muy buena app para mantener la conceptos frescos e incluso aprender uno que otro uso desconocido de funciones.,5,3,,2020-02-19 17:14:40,,,,es
218,8e0b455f-0212-473d-86d4-3b020944b96e,Un usuario de Google,https://play-lh.googleusercontent.com/EGemoI2NTXmTsBVtJqk8jxF9rh8ApRWfsIMQSt2uE4OcpQqbFu7f7NbTK05lx80nuSijCz7sc3a277R67g,Reci√©n me inicio en el mundo de la programaci√≥n. Espero que est√° app me ayude con los primeros pasos,5,0,1.13.0,2020-02-04 12:00:17,,,1.13.0,es
220,3ab6ce81-a08c-457f-97a4-216dce9c94ae,Un usuario de Google,https://play-lh.googleusercontent.com/EGemoI2NTXmTsBVtJqk8jxF9rh8ApRWfsIMQSt2uE4OcpQqbFu7f7NbTK05lx80nuSijCz7sc3a277R67g,"Hola, la aplicaci√≥n presenta problemas a la hora de autenticarse con la cuenta de Google. Es normal ese problema? C√≥mo puedo solucionarlo? Saludos",1,4,1.11.1,2020-01-31 23:40:08,,,1.11.1,es
222,5ae4820e-05f6-4fa6-83b8-5b2bdc61cf76,Un usuario de Google,https://play-lh.googleusercontent.com/EGemoI2NTXmTsBVtJqk8jxF9rh8ApRWfsIMQSt2uE4OcpQqbFu7f7NbTK05lx80nuSijCz7sc3a277R67g,"Los felicito por su aplicaci√≥n, sera posible en un futuro tener la informaci√≥n en espa√±ol u otros idiomas.",4,19,1.10.1,2020-01-22 23:40:48,,,1.10.1,es
224,0e09e001-92e1-4abc-99d3-4834e93dcc32,Un usuario de Google,https://play-lh.googleusercontent.com/EGemoI2NTXmTsBVtJqk8jxF9rh8ApRWfsIMQSt2uE4OcpQqbFu7f7NbTK05lx80nuSijCz7sc3a277R67g,No puedo iniciar sesi√≥n desde Google. Con la aplicaci√≥n ayuda.,2,0,1.8.1,2019-11-21 20:42:44,,,1.8.1,es
226,f24bc1fd-e5cf-447f-8937-48768eb295b7,Un usuario de Google,https://play-lh.googleusercontent.com/EGemoI2NTXmTsBVtJqk8jxF9rh8ApRWfsIMQSt2uE4OcpQqbFu7f7NbTK05lx80nuSijCz7sc3a277R67g,Solo en ingles,1,0,,2019-11-02 02:05:10,,,,es
227,42e9e751-5898-4c35-b7d3-f8895dc7a7d1,Un usuario de Google,https://play-lh.googleusercontent.com/EGemoI2NTXmTsBVtJqk8jxF9rh8ApRWfsIMQSt2uE4OcpQqbFu7f7NbTK05lx80nuSijCz7sc3a277R67g,"Esta app es para quienes tienen cuenta en el sitio web, ayuda a repasar los conceptos practicados. Lo √∫nico que le veo mal es que los repasos se mantienen con la dificultad m√°s baja, ojal√° aumentaran la dificultad y permitieran revisar otros temas que no se hayan iniciado en la plataforma web.",3,13,1.8.1,2019-10-31 05:43:31,,,1.8.1,es
228,1e91ab1b-b989-45ea-9ccc-e20c69de2118,Un usuario de Google,https://play-lh.googleusercontent.com/EGemoI2NTXmTsBVtJqk8jxF9rh8ApRWfsIMQSt2uE4OcpQqbFu7f7NbTK05lx80nuSijCz7sc3a277R67g,No carga bien y repite lecciones,2,1,,2019-10-11 19:22:06,,,,es
229,51025648-0be1-473f-9dc7-0ea19acc7612,Un usuario de Google,https://play-lh.googleusercontent.com/EGemoI2NTXmTsBVtJqk8jxF9rh8ApRWfsIMQSt2uE4OcpQqbFu7f7NbTK05lx80nuSijCz7sc3a277R67g,"P√©simo, ni siquiera carga, pesada mala mejorenla y ponganla en espa√±ol.",2,7,1.8.1,2019-09-29 21:14:02,,,1.8.1,es
231,75260ece-5414-4201-8f88-da28a2a5317f,Un usuario de Google,https://play-lh.googleusercontent.com/EGemoI2NTXmTsBVtJqk8jxF9rh8ApRWfsIMQSt2uE4OcpQqbFu7f7NbTK05lx80nuSijCz7sc3a277R67g,"no le puedo cambiar el idioma, ni traducirlo, desp de eso me encanto!",4,5,,2019-09-06 01:04:44,,,,es
233,454759b2-1dca-4ceb-9c8b-b8905511d31d,Un usuario de Google,https://play-lh.googleusercontent.com/EGemoI2NTXmTsBVtJqk8jxF9rh8ApRWfsIMQSt2uE4OcpQqbFu7f7NbTK05lx80nuSijCz7sc3a277R67g,"Aconsejo a los desarrolladores borrar la app de Google Play, arreglarla y volverla a subir. Nunca crecer√° con semejante cantidad de negativos. Imposible iniciar sesi√≥n como a muchos otros les pasa",1,11,1.7,2019-08-12 13:50:33,"Jonatan, thanks for your feedback! We've made an update to the log in for version 1.8.1.

If you update the app in the Google Play store, it should now work.",2019-09-08 02:15:55,1.7,es
235,24aa7c45-6732-47cd-96ea-5a81b9ce21e8,Un usuario de Google,https://play-lh.googleusercontent.com/EGemoI2NTXmTsBVtJqk8jxF9rh8ApRWfsIMQSt2uE4OcpQqbFu7f7NbTK05lx80nuSijCz7sc3a277R67g,"Es buena, pero no te da para escribir y no se entiende",2,1,,2019-07-22 01:13:39,,,,es
236,6bf80a5c-8858-4ce1-a1ec-5c1157241983,Un usuario de Google,https://play-lh.googleusercontent.com/EGemoI2NTXmTsBVtJqk8jxF9rh8ApRWfsIMQSt2uE4OcpQqbFu7f7NbTK05lx80nuSijCz7sc3a277R67g,No puedo logearme ni siquiera üòï.,1,6,1.7,2019-07-17 23:56:10,,,1.7,es
238,a49bdc69-9a80-4642-99a9-54df698e8053,Un usuario de Google,https://play-lh.googleusercontent.com/EGemoI2NTXmTsBVtJqk8jxF9rh8ApRWfsIMQSt2uE4OcpQqbFu7f7NbTK05lx80nuSijCz7sc3a277R67g,"no puedo ingresar con ninguna cuenta, se queda cargando mucho tiempo y luego se cierra.",3,2,,2019-05-18 18:58:55,,,,es
239,4d5c005e-e26e-4b39-b97d-1b73d244a6f3,Un usuario de Google,https://play-lh.googleusercontent.com/EGemoI2NTXmTsBVtJqk8jxF9rh8ApRWfsIMQSt2uE4OcpQqbFu7f7NbTK05lx80nuSijCz7sc3a277R67g,no puedo ingresar con mi cuenta se cierra la aplicaci√≥n pero en la oagina web edta bien arreglen eso porfavor para poder practicar en mi celular y seria la mejor aplicacion del mundo,4,5,,2019-05-05 02:40:44,,,,es
